P0004.png|unknown|||||||test|
P0053.png|unknown|||||||test|
P0117.png|unknown|||||||test|
P0143.png|unknown|||||||test|
P0175.png|unknown|||||||test|
P0194.png|unknown|||||||test|
P0198.png|unknown|||||||test|
P0199.png|unknown|||||||test|
P0261.png|unknown|||||||test|
P0305.png|unknown|||||||test|
P0342.png|unknown|||||||test|
P0353.png|unknown|||||||test|
P0402.png|unknown|||||||test|
P0411.png|unknown|||||||test|
P0491.png|unknown|||||||test|
P0518.png|unknown|||||||test|
P0543.png|unknown|||||||test|
P0550.png|unknown|||||||test|
P0557.png|unknown|||||||test|
P0604.png|unknown|||||||test|
P0696.png|unknown|||||||test|
P0729.png|unknown|||||||test|
P0770.png|unknown|||||||test|
P0789.png|unknown|||||||test|
P0795.png|unknown|||||||test|
P0801.png|unknown|||||||test|
P0816.png|unknown|||||||test|
P0844.png|unknown|||||||test|
P0887.png|unknown|||||||test|
P0961.png|unknown|||||||test|
P0969.png|unknown|||||||test|
P1075.png|unknown|||||||test|
P1088.png|unknown|||||||test|
P1133.png|unknown|||||||test|
P1149.png|unknown|||||||test|
P1213.png|unknown|||||||test|
P1219.png|unknown|||||||test|
P1230.png|unknown|||||||test|
P1240.png|unknown|||||||test|
P1257.png|unknown|||||||test|
P1266.png|unknown|||||||test|
P1283.png|unknown|||||||test|
P1370.png|unknown|||||||test|
P1380.png|unknown|||||||test|
P1390.png|unknown|||||||test|
P1440.png|unknown|||||||test|
P1473.png|unknown|||||||test|
P1476.png|unknown|||||||test|
P1512.png|unknown|||||||test|
P1542.png|unknown|||||||test|
P1547.png|unknown|||||||test|
P1573.png|unknown|||||||test|
P1610.png|unknown|||||||test|
P1623.png|unknown|||||||test|
P1700.png|unknown|||||||test|
P1738.png|unknown|||||||test|
P1751.png|unknown|||||||test|
P1763.png|unknown|||||||test|
P1809.png|unknown|||||||test|
P1829.png|unknown|||||||test|
P1854.png|unknown|||||||test|
P1903.png|unknown|||||||test|
P1905.png|unknown|||||||test|
P1924.png|unknown|||||||test|
P1940.png|unknown|||||||test|
P1957.png|unknown|||||||test|
P1992.png|unknown|||||||test|
P2059.png|unknown|||||||test|
P2068.png|unknown|||||||test|
P2082.png|unknown|||||||test|
P2085.png|unknown|||||||test|
P2097.png|unknown|||||||test|
P2098.png|unknown|||||||test|
P2168.png|unknown|||||||test|
P2181.png|unknown|||||||test|
P2198.png|unknown|||||||test|
P2230.png|unknown|||||||test|
P2231.png|unknown|||||||test|
P2294.png|unknown|||||||test|
P2322.png|unknown|||||||test|
P2330.png|unknown|||||||test|
P2351.png|unknown|||||||test|
P2446.png|unknown|||||||test|
P2449.png|unknown|||||||test|
P2455.png|unknown|||||||test|
P2478.png|unknown|||||||test|
P2488.png|unknown|||||||test|
P2542.png|unknown|||||||test|
P2563.png|unknown|||||||test|
P2571.png|unknown|||||||test|
P2582.png|unknown|||||||test|
P2595.png|unknown|||||||test|
P2598.png|unknown|||||||test|
P2630.png|unknown|||||||test|
P2645.png|unknown|||||||test|
P2678.png|unknown|||||||test|
P2718.png|unknown|||||||test|
P2758.png|unknown|||||||test|
P2768.png|unknown|||||||test|
P2802.png|unknown|||||||test|
